{
  "name": "workshop/3760347581",
  "scale": 2.932793140411377,
  "x": -2747.18017578125,
  "y": 2311.18017578125
}